,avg_credit_limit,total_credit_cards,total_visits_bank,total_visits_online,total_calls_made,cluster_label,recency,frequency,r_rank_norm,f_rank_norm,m_rank_norm,rfm_score,rfm_segment
0,100000.0,2,1,1.0,0,1,10,2.0,100.0,1.0015408320493067,96.66666666666667,3.5190215716486906,Average Credit Customers
1,50000.0,3,0,8.5,9,0,10,17.5,100.0,100.0,78.4920634920635,4.38702380952381,High Credit Customers
2,50000.0,7,1,3.0,4,1,10,8.0,100.0,47.996918335901384,78.4920634920635,3.658980666226429,Average Credit Customers
3,30000.0,5,1,1.0,4,1,10,6.0,100.0,24.499229583975346,63.57142857142857,2.904774928461369, Low Credit Customers
4,100000.0,6,0,8.5,3,2,10,11.5,100.0,83.20493066255779,96.66666666666667,4.669869029275809,High Credit Customers
5,20000.0,3,0,1.0,8,0,10,9.0,100.0,59.32203389830508,58.96825396825397,3.2611037126715092,Average Credit Customers
6,100000.0,5,0,8.5,2,2,10,10.5,100.0,76.11710323574731,96.66666666666667,4.570639445300462,High Credit Customers
7,15000.0,3,0,1.0,1,0,10,2.0,100.0,1.0015408320493067,41.269841269841265,1.9402120478391662, Low Credit Customers
8,5000.0,2,0,2.0,2,0,10,4.0,100.0,7.395993836671804,1.8253968253968256,0.9055677232372148, Low Credit Customers
9,3000.0,4,0,1.0,7,0,10,8.0,100.0,47.996918335901384,0.15873015873015872,1.426480666226429, Low Credit Customers
10,10000.0,4,0,5.0,5,0,10,10.0,100.0,70.18489984591679,23.333333333333332,2.397588597842835, Low Credit Customers
11,13000.0,3,0,2.0,7,0,10,9.0,100.0,59.32203389830508,34.04761904761905,2.5508656174334146, Low Credit Customers
12,11000.0,1,2,5.0,9,0,10,16.0,100.0,99.38366718027734,27.22222222222222,2.9172046738572166, Low Credit Customers
13,9000.0,1,1,5.0,6,0,10,12.0,100.0,85.97842835130972,19.20634920634921,2.501078949299289, Low Credit Customers
14,6000.0,2,2,4.0,6,0,10,12.0,100.0,85.97842835130972,5.7936507936507935,2.118817044537384, Low Credit Customers
15,8000.0,2,0,5.0,7,0,10,12.0,100.0,85.97842835130972,14.523809523809526,2.3676265683469078, Low Credit Customers
16,15000.0,2,1,2.0,4,0,10,7.0,100.0,36.132511556240374,41.269841269841265,2.4320456379778417, Low Credit Customers
17,8000.0,2,0,3.0,4,0,10,7.0,100.0,36.132511556240374,14.523809523809526,1.6697837332159366, Low Credit Customers
18,11000.0,2,2,2.0,7,0,10,11.0,100.0,79.66101694915254,27.22222222222222,2.641087570621469, Low Credit Customers
19,19000.0,4,1,5.0,8,0,10,14.0,100.0,94.29892141756548,55.31746031746032,3.6467325188935362,Average Credit Customers
20,5000.0,3,2,5.0,5,0,10,12.0,100.0,85.97842835130972,1.8253968253968256,2.005721806442146, Low Credit Customers
21,16000.0,2,0,3.0,7,0,10,10.0,100.0,70.18489984591679,44.36507936507936,2.9969933597475973, Low Credit Customers
22,6000.0,4,1,4.0,6,0,10,11.0,100.0,79.66101694915254,5.7936507936507935,2.030373284907183, Low Credit Customers
23,9000.0,1,1,3.0,4,0,10,8.0,100.0,47.996918335901384,19.20634920634921,1.969337809083572, Low Credit Customers
24,8000.0,2,0,2.0,10,0,10,12.0,100.0,85.97842835130972,14.523809523809526,2.3676265683469078, Low Credit Customers
25,18000.0,1,1,5.0,10,0,10,16.0,100.0,99.38366718027734,51.507936507936506,3.6093475310000738,Average Credit Customers
26,16000.0,3,0,5.0,9,0,10,14.0,100.0,94.29892141756548,44.36507936507936,3.334589661750679,Average Credit Customers
27,9000.0,2,2,2.0,10,0,10,14.0,100.0,94.29892141756548,19.20634920634921,2.6175658522268694, Low Credit Customers
28,5000.0,2,0,4.0,6,0,10,10.0,100.0,70.18489984591679,1.8253968253968256,1.784612407366645, Low Credit Customers
29,8000.0,4,0,4.0,7,0,10,11.0,100.0,79.66101694915254,14.523809523809526,2.279182808716707, Low Credit Customers
30,16000.0,3,1,5.0,4,0,10,10.0,100.0,70.18489984591679,44.36507936507936,2.9969933597475973, Low Credit Customers
31,11000.0,3,1,5.0,6,0,10,12.0,100.0,85.97842835130972,27.22222222222222,2.7295313302516697, Low Credit Customers
32,6000.0,1,0,5.0,10,0,10,15.0,100.0,97.7657935285054,5.7936507936507935,2.2838401570181235, Low Credit Customers
33,16000.0,1,0,5.0,6,0,10,11.0,100.0,79.66101694915254,44.36507936507936,3.129658999192898,Average Credit Customers
34,8000.0,4,1,3.0,10,0,10,14.0,100.0,94.29892141756548,14.523809523809526,2.4841134712744886, Low Credit Customers
35,19000.0,2,0,4.0,4,0,10,8.0,100.0,47.996918335901384,55.31746031746032,2.998504475750239, Low Credit Customers
36,9000.0,3,1,4.0,10,0,10,15.0,100.0,97.7657935285054,19.20634920634921,2.6661020617800286, Low Credit Customers
37,17000.0,2,0,4.0,6,0,10,10.0,100.0,70.18489984591679,47.93650793650794,3.0987790740333114,Average Credit Customers
38,13000.0,4,1,3.0,10,0,10,14.0,100.0,94.29892141756548,34.04761904761905,3.04054204270306,Average Credit Customers
39,10000.0,2,2,4.0,9,0,10,15.0,100.0,97.7657935285054,23.333333333333332,2.783721109399076, Low Credit Customers
40,19000.0,4,2,5.0,9,0,10,16.0,100.0,99.38366718027734,55.31746031746032,3.7179189595715023,Average Credit Customers
41,10000.0,1,1,2.0,7,0,10,10.0,100.0,70.18489984591679,23.333333333333332,2.397588597842835, Low Credit Customers
42,16000.0,4,2,3.0,4,0,10,9.0,100.0,59.32203389830508,44.36507936507936,2.844913236481033, Low Credit Customers
43,20000.0,2,0,4.0,4,0,10,8.0,100.0,47.996918335901384,58.96825396825397,3.1025520947978578,Average Credit Customers
44,11000.0,4,2,4.0,5,0,10,11.0,100.0,79.66101694915254,27.22222222222222,2.641087570621469, Low Credit Customers
45,14000.0,4,1,4.0,9,0,10,14.0,100.0,94.29892141756548,38.095238095238095,3.1558991855602025,Average Credit Customers
46,5000.0,1,2,2.0,5,0,10,9.0,100.0,59.32203389830508,1.8253968253968256,1.6325322841000807, Low Credit Customers
47,11000.0,1,2,2.0,6,0,10,10.0,100.0,70.18489984591679,27.22222222222222,2.508421931176169, Low Credit Customers
48,6000.0,4,0,2.0,8,0,10,10.0,100.0,70.18489984591679,5.7936507936507935,1.8977076454618829, Low Credit Customers
49,14000.0,3,2,2.0,6,0,10,10.0,100.0,70.18489984591679,38.095238095238095,2.818302883557121, Low Credit Customers
50,13000.0,1,0,5.0,9,0,10,14.0,100.0,94.29892141756548,34.04761904761905,3.04054204270306,Average Credit Customers
51,6000.0,2,1,5.0,5,0,10,11.0,100.0,79.66101694915254,5.7936507936507935,2.030373284907183, Low Credit Customers
52,17000.0,2,1,5.0,8,0,10,14.0,100.0,94.29892141756548,47.93650793650794,3.4363753760363935,Average Credit Customers
53,9000.0,3,0,5.0,9,0,10,14.0,100.0,94.29892141756548,19.20634920634921,2.6175658522268694, Low Credit Customers
54,14000.0,2,0,4.0,9,0,10,13.0,100.0,89.90755007704159,38.095238095238095,3.094419986792868,Average Credit Customers
55,6000.0,1,2,2.0,4,0,10,8.0,100.0,47.996918335901384,5.7936507936507935,1.587075904321667, Low Credit Customers
56,6000.0,1,0,2.0,5,0,10,7.0,100.0,36.132511556240374,5.7936507936507935,1.420974209406413, Low Credit Customers
57,6000.0,2,0,2.0,10,0,10,12.0,100.0,85.97842835130972,5.7936507936507935,2.118817044537384, Low Credit Customers
58,9000.0,1,0,4.0,7,0,10,11.0,100.0,79.66101694915254,19.20634920634921,2.4126351896690883, Low Credit Customers
59,19000.0,4,1,4.0,9,0,10,14.0,100.0,94.29892141756548,55.31746031746032,3.6467325188935362,Average Credit Customers
60,20000.0,4,1,4.0,7,0,10,12.0,100.0,85.97842835130972,58.96825396825397,3.6342932350135744,Average Credit Customers
61,18000.0,1,2,2.0,9,0,10,13.0,100.0,89.90755007704159,51.507936507936506,3.4766818915547733,Average Credit Customers
62,5000.0,1,0,2.0,4,0,10,6.0,100.0,24.499229583975346,1.8253968253968256,1.1450130236994644, Low Credit Customers
63,14000.0,3,0,4.0,6,0,10,10.0,100.0,70.18489984591679,38.095238095238095,2.818302883557121, Low Credit Customers
64,12000.0,1,0,5.0,9,0,10,14.0,100.0,94.29892141756548,30.476190476190478,2.9387563284173455, Low Credit Customers
65,16000.0,1,1,4.0,4,0,10,9.0,100.0,59.32203389830508,44.36507936507936,2.844913236481033, Low Credit Customers
66,19000.0,2,0,3.0,6,0,10,9.0,100.0,59.32203389830508,55.31746031746032,3.1570560936238903,Average Credit Customers
67,9000.0,4,2,2.0,6,0,10,10.0,100.0,70.18489984591679,19.20634920634921,2.2799695502237878, Low Credit Customers
68,7000.0,1,2,4.0,10,0,10,16.0,100.0,99.38366718027734,10.079365079365079,2.4286332452857877, Low Credit Customers
69,20000.0,1,2,3.0,7,0,10,12.0,100.0,85.97842835130972,58.96825396825397,3.6342932350135744,Average Credit Customers
70,14000.0,1,2,4.0,7,0,10,13.0,100.0,89.90755007704159,38.095238095238095,3.094419986792868,Average Credit Customers
71,6000.0,3,2,2.0,7,0,10,11.0,100.0,79.66101694915254,5.7936507936507935,2.030373284907183, Low Credit Customers
72,11000.0,3,1,2.0,6,0,10,9.0,100.0,59.32203389830508,27.22222222222222,2.3563418079096046, Low Credit Customers
73,19000.0,3,1,3.0,6,0,10,10.0,100.0,70.18489984591679,55.31746031746032,3.3091362168904546,Average Credit Customers
74,7000.0,2,0,5.0,8,0,10,13.0,100.0,89.90755007704159,10.079365079365079,2.295967605840487, Low Credit Customers
75,16000.0,3,1,4.0,6,0,10,11.0,100.0,79.66101694915254,44.36507936507936,3.129658999192898,Average Credit Customers
76,17000.0,1,2,4.0,6,0,10,12.0,100.0,85.97842835130972,47.93650793650794,3.319888473108813,Average Credit Customers
77,13000.0,3,1,4.0,4,0,10,9.0,100.0,59.32203389830508,34.04761904761905,2.5508656174334146, Low Credit Customers
78,6000.0,2,0,4.0,10,0,10,14.0,100.0,94.29892141756548,5.7936507936507935,2.2353039474649647, Low Credit Customers
79,15000.0,1,1,2.0,7,0,10,10.0,100.0,70.18489984591679,41.269841269841265,2.9087790740333115, Low Credit Customers
80,20000.0,2,2,4.0,8,0,10,14.0,100.0,94.29892141756548,58.96825396825397,3.7507801379411547,Average Credit Customers
81,7000.0,3,1,5.0,5,0,10,11.0,100.0,79.66101694915254,10.079365079365079,2.1525161420500405, Low Credit Customers
82,13000.0,1,1,2.0,5,0,10,8.0,100.0,47.996918335901384,34.04761904761905,2.392313999559762, Low Credit Customers
83,13000.0,3,1,4.0,6,0,10,11.0,100.0,79.66101694915254,34.04761904761905,2.835611380145279, Low Credit Customers
84,9000.0,3,2,4.0,5,0,10,11.0,100.0,79.66101694915254,19.20634920634921,2.4126351896690883, Low Credit Customers
85,10000.0,1,1,4.0,5,0,10,10.0,100.0,70.18489984591679,23.333333333333332,2.397588597842835, Low Credit Customers
86,6000.0,4,1,3.0,7,0,10,11.0,100.0,79.66101694915254,5.7936507936507935,2.030373284907183, Low Credit Customers
87,5000.0,4,1,2.0,5,0,10,8.0,100.0,47.996918335901384,1.8253968253968256,1.473980666226429, Low Credit Customers
88,8000.0,1,1,4.0,8,0,10,13.0,100.0,89.90755007704159,14.523809523809526,2.422634272507154, Low Credit Customers
89,7000.0,4,2,4.0,8,0,10,14.0,100.0,94.29892141756548,10.079365079365079,2.3574468046078216, Low Credit Customers
90,13000.0,2,1,4.0,6,0,10,11.0,100.0,79.66101694915254,34.04761904761905,2.835611380145279, Low Credit Customers
91,13000.0,1,1,2.0,10,0,10,13.0,100.0,89.90755007704159,34.04761904761905,2.9790628439357256, Low Credit Customers
92,5000.0,1,1,4.0,6,0,10,11.0,100.0,79.66101694915254,1.8253968253968256,1.9172780468119452, Low Credit Customers
93,8000.0,1,2,5.0,7,0,10,14.0,100.0,94.29892141756548,14.523809523809526,2.4841134712744886, Low Credit Customers
94,20000.0,2,2,4.0,4,0,10,10.0,100.0,70.18489984591679,58.96825396825397,3.413183835938074,Average Credit Customers
95,5000.0,1,2,5.0,7,0,10,14.0,100.0,94.29892141756548,1.8253968253968256,2.1222087093697266, Low Credit Customers
96,18000.0,3,2,3.0,6,0,10,11.0,100.0,79.66101694915254,51.507936507936506,3.333230427764326,Average Credit Customers
97,15000.0,2,0,5.0,4,0,10,9.0,100.0,59.32203389830508,41.269841269841265,2.756698950766747, Low Credit Customers
98,13000.0,1,1,4.0,9,0,10,14.0,100.0,94.29892141756548,34.04761904761905,3.04054204270306,Average Credit Customers
99,5000.0,2,1,4.0,6,0,10,11.0,100.0,79.66101694915254,1.8253968253968256,1.9172780468119452, Low Credit Customers
100,11000.0,1,0,5.0,6,0,10,11.0,100.0,79.66101694915254,27.22222222222222,2.641087570621469, Low Credit Customers
101,11000.0,1,1,5.0,9,0,10,15.0,100.0,97.7657935285054,27.22222222222222,2.8945544427324092, Low Credit Customers
102,10000.0,4,1,5.0,10,0,10,16.0,100.0,99.38366718027734,23.333333333333332,2.8063713405238833, Low Credit Customers
103,13000.0,1,0,3.0,7,0,10,10.0,100.0,70.18489984591679,34.04761904761905,2.7029457406999784, Low Credit Customers
104,17000.0,2,1,2.0,10,0,10,13.0,100.0,89.90755007704159,47.93650793650794,3.3748961772690587,Average Credit Customers
105,12000.0,2,1,4.0,9,0,10,14.0,100.0,94.29892141756548,30.476190476190478,2.9387563284173455, Low Credit Customers
106,20000.0,2,1,5.0,5,0,10,11.0,100.0,79.66101694915254,58.96825396825397,3.5458494753833736,Average Credit Customers
107,5000.0,2,2,2.0,6,0,10,10.0,100.0,70.18489984591679,1.8253968253968256,1.784612407366645, Low Credit Customers
108,8000.0,3,2,2.0,6,0,10,10.0,100.0,70.18489984591679,14.523809523809526,2.1465171692714065, Low Credit Customers
109,18000.0,4,2,3.0,8,0,10,13.0,100.0,89.90755007704159,51.507936507936506,3.4766818915547733,Average Credit Customers
110,15000.0,4,2,3.0,5,0,10,10.0,100.0,70.18489984591679,41.269841269841265,2.9087790740333115, Low Credit Customers
111,12000.0,2,0,4.0,9,0,10,13.0,100.0,89.90755007704159,30.476190476190478,2.877277129650011, Low Credit Customers
112,18000.0,4,1,3.0,10,0,10,14.0,100.0,94.29892141756548,51.507936507936506,3.5381610903221077,Average Credit Customers
113,7000.0,4,1,2.0,4,0,10,7.0,100.0,36.132511556240374,10.079365079365079,1.5431170665492702, Low Credit Customers
114,18000.0,4,0,3.0,6,0,10,9.0,100.0,59.32203389830508,51.507936507936506,3.0484846650524617,Average Credit Customers
115,7000.0,2,2,3.0,7,0,10,12.0,100.0,85.97842835130972,10.079365079365079,2.2409599016802413, Low Credit Customers
116,18000.0,1,0,2.0,7,0,10,9.0,100.0,59.32203389830508,51.507936507936506,3.0484846650524617,Average Credit Customers
117,17000.0,4,0,4.0,7,0,10,11.0,100.0,79.66101694915254,47.93650793650794,3.2314447134786124,Average Credit Customers
118,14000.0,3,1,4.0,5,0,10,10.0,100.0,70.18489984591679,38.095238095238095,2.818302883557121, Low Credit Customers
119,9000.0,3,0,4.0,9,0,10,13.0,100.0,89.90755007704159,19.20634920634921,2.556086653459535, Low Credit Customers
120,10000.0,4,2,4.0,6,0,10,12.0,100.0,85.97842835130972,23.333333333333332,2.6186979969183364, Low Credit Customers
121,13000.0,3,0,5.0,10,0,10,15.0,100.0,97.7657935285054,34.04761904761905,3.089078252256219,Average Credit Customers
122,10000.0,2,2,2.0,4,0,10,8.0,100.0,47.996918335901384,23.333333333333332,2.0869568567026193, Low Credit Customers
123,17000.0,1,1,4.0,8,0,10,13.0,100.0,89.90755007704159,47.93650793650794,3.3748961772690587,Average Credit Customers
124,5000.0,2,2,3.0,7,0,10,12.0,100.0,85.97842835130972,1.8253968253968256,2.005721806442146, Low Credit Customers
125,14000.0,2,1,5.0,5,0,10,11.0,100.0,79.66101694915254,38.095238095238095,2.9509685230024214, Low Credit Customers
126,20000.0,4,1,4.0,9,0,10,14.0,100.0,94.29892141756548,58.96825396825397,3.7507801379411547,Average Credit Customers
127,6000.0,3,2,3.0,9,0,10,14.0,100.0,94.29892141756548,5.7936507936507935,2.2353039474649647, Low Credit Customers
128,8000.0,4,1,5.0,4,0,10,10.0,100.0,70.18489984591679,14.523809523809526,2.1465171692714065, Low Credit Customers
129,9000.0,3,1,4.0,6,0,10,11.0,100.0,79.66101694915254,19.20634920634921,2.4126351896690883, Low Credit Customers
130,18000.0,3,1,5.0,6,0,10,12.0,100.0,85.97842835130972,51.507936507936506,3.421674187394527,Average Credit Customers
131,9000.0,3,0,2.0,5,0,10,7.0,100.0,36.132511556240374,19.20634920634921,1.803236114168318, Low Credit Customers
132,12000.0,4,0,2.0,6,0,10,8.0,100.0,47.996918335901384,30.476190476190478,2.2905282852740476, Low Credit Customers
133,10000.0,3,1,5.0,9,0,10,15.0,100.0,97.7657935285054,23.333333333333332,2.783721109399076, Low Credit Customers
134,13000.0,4,1,5.0,7,0,10,13.0,100.0,89.90755007704159,34.04761904761905,2.9790628439357256, Low Credit Customers
135,15000.0,3,2,3.0,6,0,10,11.0,100.0,79.66101694915254,41.269841269841265,3.0414447134786116,Average Credit Customers
136,17000.0,3,0,2.0,8,0,10,10.0,100.0,70.18489984591679,47.93650793650794,3.0987790740333114,Average Credit Customers
137,15000.0,2,0,5.0,8,0,10,13.0,100.0,89.90755007704159,41.269841269841265,3.1848961772690583,Average Credit Customers
138,15000.0,1,1,5.0,9,0,10,15.0,100.0,97.7657935285054,41.269841269841265,3.2949115855895514,Average Credit Customers
139,19000.0,1,0,3.0,10,0,10,13.0,100.0,89.90755007704159,55.31746031746032,3.5852533201262013,Average Credit Customers
140,14000.0,3,0,2.0,8,0,10,10.0,100.0,70.18489984591679,38.095238095238095,2.818302883557121, Low Credit Customers
141,16000.0,2,0,4.0,5,0,10,9.0,100.0,59.32203389830508,44.36507936507936,2.844913236481033, Low Credit Customers
142,9000.0,4,1,4.0,8,0,10,13.0,100.0,89.90755007704159,19.20634920634921,2.556086653459535, Low Credit Customers
143,9000.0,2,1,5.0,4,0,10,10.0,100.0,70.18489984591679,19.20634920634921,2.2799695502237878, Low Credit Customers
144,10000.0,4,2,4.0,8,0,10,14.0,100.0,94.29892141756548,23.333333333333332,2.735184899845917, Low Credit Customers
145,13000.0,3,0,4.0,4,0,10,8.0,100.0,47.996918335901384,34.04761904761905,2.392313999559762, Low Credit Customers
146,13000.0,2,1,3.0,9,0,10,13.0,100.0,89.90755007704159,34.04761904761905,2.9790628439357256, Low Credit Customers
147,5000.0,2,2,5.0,6,0,10,13.0,100.0,89.90755007704159,1.8253968253968256,2.060729510602392, Low Credit Customers
148,7000.0,1,2,2.0,10,0,10,14.0,100.0,94.29892141756548,10.079365079365079,2.3574468046078216, Low Credit Customers
149,14000.0,2,1,2.0,7,0,10,10.0,100.0,70.18489984591679,38.095238095238095,2.818302883557121, Low Credit Customers
150,11000.0,3,2,2.0,9,0,10,13.0,100.0,89.90755007704159,27.22222222222222,2.7845390344119156, Low Credit Customers
151,19000.0,1,1,4.0,4,0,10,9.0,100.0,59.32203389830508,55.31746031746032,3.1570560936238903,Average Credit Customers
152,15000.0,3,2,2.0,6,0,10,10.0,100.0,70.18489984591679,41.269841269841265,2.9087790740333115, Low Credit Customers
153,7000.0,4,0,4.0,6,0,10,10.0,100.0,70.18489984591679,10.079365079365079,2.01985050260474, Low Credit Customers
154,8000.0,4,2,3.0,10,0,10,15.0,100.0,97.7657935285054,14.523809523809526,2.5326496808276477, Low Credit Customers
155,19000.0,1,1,4.0,5,0,10,10.0,100.0,70.18489984591679,55.31746031746032,3.3091362168904546,Average Credit Customers
156,12000.0,3,2,5.0,7,0,10,14.0,100.0,94.29892141756548,30.476190476190478,2.9387563284173455, Low Credit Customers
157,17000.0,1,2,5.0,8,0,10,15.0,100.0,97.7657935285054,47.93650793650794,3.4849115855895523,Average Credit Customers
158,10000.0,3,2,5.0,9,0,10,16.0,100.0,99.38366718027734,23.333333333333332,2.8063713405238833, Low Credit Customers
159,8000.0,1,2,2.0,4,0,10,8.0,100.0,47.996918335901384,14.523809523809526,1.8358854281311907, Low Credit Customers
160,7000.0,1,0,3.0,10,0,10,13.0,100.0,89.90755007704159,10.079365079365079,2.295967605840487, Low Credit Customers
161,8000.0,3,2,5.0,5,0,10,12.0,100.0,85.97842835130972,14.523809523809526,2.3676265683469078, Low Credit Customers
163,16000.0,3,0,5.0,10,0,10,15.0,100.0,97.7657935285054,44.36507936507936,3.3831258713038377,Average Credit Customers
164,13000.0,4,0,4.0,8,0,10,12.0,100.0,85.97842835130972,34.04761904761905,2.9240551397754793, Low Credit Customers
165,14000.0,1,0,4.0,9,0,10,13.0,100.0,89.90755007704159,38.095238095238095,3.094419986792868,Average Credit Customers
166,13000.0,4,0,4.0,7,0,10,11.0,100.0,79.66101694915254,34.04761904761905,2.835611380145279, Low Credit Customers
167,15000.0,4,2,3.0,6,0,10,11.0,100.0,79.66101694915254,41.269841269841265,3.0414447134786116,Average Credit Customers
168,9000.0,1,1,4.0,9,0,10,14.0,100.0,94.29892141756548,19.20634920634921,2.6175658522268694, Low Credit Customers
169,14000.0,3,1,4.0,7,0,10,12.0,100.0,85.97842835130972,38.095238095238095,3.0394122826326218,Average Credit Customers
170,7000.0,2,1,2.0,8,0,10,11.0,100.0,79.66101694915254,10.079365079365079,2.1525161420500405, Low Credit Customers
171,6000.0,2,2,3.0,7,0,10,12.0,100.0,85.97842835130972,5.7936507936507935,2.118817044537384, Low Credit Customers
172,20000.0,2,0,5.0,6,0,10,11.0,100.0,79.66101694915254,58.96825396825397,3.5458494753833736,Average Credit Customers
173,9000.0,2,1,5.0,8,0,10,14.0,100.0,94.29892141756548,19.20634920634921,2.6175658522268694, Low Credit Customers
174,17000.0,4,1,2.0,7,0,10,10.0,100.0,70.18489984591679,47.93650793650794,3.0987790740333114,Average Credit Customers
176,11000.0,2,2,2.0,5,0,10,9.0,100.0,59.32203389830508,27.22222222222222,2.3563418079096046, Low Credit Customers
177,14000.0,3,0,4.0,8,0,10,12.0,100.0,85.97842835130972,38.095238095238095,3.0394122826326218,Average Credit Customers
178,6000.0,1,1,4.0,7,0,10,12.0,100.0,85.97842835130972,5.7936507936507935,2.118817044537384, Low Credit Customers
179,19000.0,2,2,3.0,4,0,10,9.0,100.0,59.32203389830508,55.31746031746032,3.1570560936238903,Average Credit Customers
180,10000.0,1,0,3.0,5,0,10,8.0,100.0,47.996918335901384,23.333333333333332,2.0869568567026193, Low Credit Customers
181,13000.0,3,0,2.0,10,0,10,12.0,100.0,85.97842835130972,34.04761904761905,2.9240551397754793, Low Credit Customers
182,11000.0,3,0,3.0,7,0,10,10.0,100.0,70.18489984591679,27.22222222222222,2.508421931176169, Low Credit Customers
183,16000.0,1,2,5.0,8,0,10,15.0,100.0,97.7657935285054,44.36507936507936,3.3831258713038377,Average Credit Customers
184,14000.0,4,0,2.0,4,0,10,6.0,100.0,24.499229583975346,38.095238095238095,2.1787034998899406, Low Credit Customers
185,18000.0,3,0,4.0,4,0,10,8.0,100.0,47.996918335901384,51.507936507936506,2.88993304717881, Low Credit Customers
186,9000.0,1,2,2.0,6,0,10,10.0,100.0,70.18489984591679,19.20634920634921,2.2799695502237878, Low Credit Customers
187,16000.0,2,2,3.0,8,0,10,13.0,100.0,89.90755007704159,44.36507936507936,3.273110462983344,Average Credit Customers
188,17000.0,2,0,3.0,5,0,10,8.0,100.0,47.996918335901384,47.93650793650794,2.7881473328930957, Low Credit Customers
189,6000.0,3,2,3.0,5,0,10,10.0,100.0,70.18489984591679,5.7936507936507935,1.8977076454618829, Low Credit Customers
190,20000.0,3,0,4.0,10,0,10,14.0,100.0,94.29892141756548,58.96825396825397,3.7507801379411547,Average Credit Customers
191,10000.0,2,1,3.0,6,0,10,10.0,100.0,70.18489984591679,23.333333333333332,2.397588597842835, Low Credit Customers
192,20000.0,3,0,3.0,5,0,10,8.0,100.0,47.996918335901384,58.96825396825397,3.1025520947978578,Average Credit Customers
193,6000.0,2,2,5.0,8,0,10,15.0,100.0,97.7657935285054,5.7936507936507935,2.2838401570181235, Low Credit Customers
194,12000.0,2,0,4.0,4,0,10,8.0,100.0,47.996918335901384,30.476190476190478,2.2905282852740476, Low Credit Customers
195,8000.0,2,1,4.0,8,0,10,13.0,100.0,89.90755007704159,14.523809523809526,2.422634272507154, Low Credit Customers
196,14000.0,2,0,2.0,8,0,10,10.0,100.0,70.18489984591679,38.095238095238095,2.818302883557121, Low Credit Customers
197,12000.0,1,1,2.0,7,0,10,10.0,100.0,70.18489984591679,30.476190476190478,2.601160026414264, Low Credit Customers
198,19000.0,1,1,4.0,7,0,10,12.0,100.0,85.97842835130972,55.31746031746032,3.530245615965956,Average Credit Customers
199,7000.0,4,2,4.0,9,0,10,15.0,100.0,97.7657935285054,10.079365079365079,2.405983014160981, Low Credit Customers
200,8000.0,3,0,2.0,9,0,10,11.0,100.0,79.66101694915254,14.523809523809526,2.279182808716707, Low Credit Customers
201,11000.0,1,0,3.0,8,0,10,11.0,100.0,79.66101694915254,27.22222222222222,2.641087570621469, Low Credit Customers
202,5000.0,1,0,3.0,8,0,10,11.0,100.0,79.66101694915254,1.8253968253968256,1.9172780468119452, Low Credit Customers
203,9000.0,2,0,3.0,7,0,10,10.0,100.0,70.18489984591679,19.20634920634921,2.2799695502237878, Low Credit Customers
204,17000.0,2,2,5.0,5,0,10,12.0,100.0,85.97842835130972,47.93650793650794,3.319888473108813,Average Credit Customers
205,17000.0,1,0,5.0,5,0,10,10.0,100.0,70.18489984591679,47.93650793650794,3.0987790740333114,Average Credit Customers
206,17000.0,2,1,2.0,4,0,10,7.0,100.0,36.132511556240374,47.93650793650794,2.6220456379778416, Low Credit Customers
207,19000.0,4,2,4.0,4,0,10,10.0,100.0,70.18489984591679,55.31746031746032,3.3091362168904546,Average Credit Customers
208,11000.0,2,0,3.0,9,0,10,12.0,100.0,85.97842835130972,27.22222222222222,2.7295313302516697, Low Credit Customers
209,9000.0,1,0,2.0,9,0,10,11.0,100.0,79.66101694915254,19.20634920634921,2.4126351896690883, Low Credit Customers
210,16000.0,4,1,4.0,6,0,10,11.0,100.0,79.66101694915254,44.36507936507936,3.129658999192898,Average Credit Customers
211,10000.0,3,1,5.0,4,0,10,10.0,100.0,70.18489984591679,23.333333333333332,2.397588597842835, Low Credit Customers
212,10000.0,3,1,3.0,4,0,10,8.0,100.0,47.996918335901384,23.333333333333332,2.0869568567026193, Low Credit Customers
213,8000.0,1,0,2.0,10,0,10,12.0,100.0,85.97842835130972,14.523809523809526,2.3676265683469078, Low Credit Customers
214,15000.0,4,1,4.0,9,0,10,14.0,100.0,94.29892141756548,41.269841269841265,3.246375376036393,Average Credit Customers
216,11000.0,3,1,5.0,4,0,10,10.0,100.0,70.18489984591679,27.22222222222222,2.508421931176169, Low Credit Customers
217,11000.0,4,0,2.0,5,0,10,7.0,100.0,36.132511556240374,27.22222222222222,2.0316884951206986, Low Credit Customers
218,19000.0,3,1,5.0,7,0,10,13.0,100.0,89.90755007704159,55.31746031746032,3.5852533201262013,Average Credit Customers
219,13000.0,2,1,5.0,8,0,10,14.0,100.0,94.29892141756548,34.04761904761905,3.04054204270306,Average Credit Customers
220,8000.0,1,0,3.0,10,0,10,13.0,100.0,89.90755007704159,14.523809523809526,2.422634272507154, Low Credit Customers
221,7000.0,2,2,5.0,6,0,10,13.0,100.0,89.90755007704159,10.079365079365079,2.295967605840487, Low Credit Customers
222,20000.0,4,1,3.0,10,0,10,14.0,100.0,94.29892141756548,58.96825396825397,3.7507801379411547,Average Credit Customers
223,20000.0,2,2,4.0,10,0,10,16.0,100.0,99.38366718027734,58.96825396825397,3.8219665786191217,Average Credit Customers
224,12000.0,4,1,5.0,9,0,10,15.0,100.0,97.7657935285054,30.476190476190478,2.9872925379705046, Low Credit Customers
225,16000.0,4,1,2.0,5,0,10,8.0,100.0,47.996918335901384,44.36507936507936,2.6863616186073815, Low Credit Customers
226,8000.0,1,2,4.0,8,0,10,14.0,100.0,94.29892141756548,14.523809523809526,2.4841134712744886, Low Credit Customers
227,8000.0,2,2,3.0,8,0,10,13.0,100.0,89.90755007704159,14.523809523809526,2.422634272507154, Low Credit Customers
228,10000.0,7,2,0.0,0,1,10,2.0,100.0,1.0015408320493067,23.333333333333332,1.4290215716486903, Low Credit Customers
229,8000.0,7,2,1.0,4,1,10,7.0,100.0,36.132511556240374,14.523809523809526,1.6697837332159366, Low Credit Customers
230,17000.0,4,5,0.0,2,1,10,7.0,100.0,36.132511556240374,47.93650793650794,2.6220456379778416, Low Credit Customers
231,19000.0,6,3,2.0,3,1,10,8.0,100.0,47.996918335901384,55.31746031746032,2.998504475750239, Low Credit Customers
232,20000.0,5,4,1.0,0,1,10,5.0,100.0,14.637904468412943,58.96825396825397,2.6355259006530196, Low Credit Customers
233,13000.0,7,2,1.0,0,1,10,3.0,100.0,3.1587057010785826,34.04761904761905,1.7645790226722433, Low Credit Customers
234,16000.0,6,5,0.0,4,1,10,9.0,100.0,59.32203389830508,44.36507936507936,2.844913236481033, Low Credit Customers
235,13000.0,7,4,0.0,0,1,10,4.0,100.0,7.395993836671804,34.04761904761905,1.8239010565705482, Low Credit Customers
236,8000.0,7,5,2.0,3,1,10,10.0,100.0,70.18489984591679,14.523809523809526,2.1465171692714065, Low Credit Customers
237,8000.0,6,4,0.0,4,1,10,8.0,100.0,47.996918335901384,14.523809523809526,1.8358854281311907, Low Credit Customers
238,19000.0,5,2,2.0,0,1,10,4.0,100.0,7.395993836671804,55.31746031746032,2.430091532761024, Low Credit Customers
239,16000.0,5,2,0.0,0,1,10,2.0,100.0,1.0015408320493067,44.36507936507936,2.028426333553452, Low Credit Customers
240,20000.0,4,2,2.0,1,1,10,5.0,100.0,14.637904468412943,58.96825396825397,2.6355259006530196, Low Credit Customers
241,10000.0,4,5,1.0,3,1,10,9.0,100.0,59.32203389830508,23.333333333333332,2.2455084745762712, Low Credit Customers
242,8000.0,4,3,2.0,4,1,10,9.0,100.0,59.32203389830508,14.523809523809526,1.9944370460048426, Low Credit Customers
243,12000.0,6,4,2.0,1,1,10,7.0,100.0,36.132511556240374,30.476190476190478,2.124426590358794, Low Credit Customers
244,5000.0,7,3,2.0,4,1,10,9.0,100.0,59.32203389830508,1.8253968253968256,1.6325322841000807, Low Credit Customers
245,10000.0,4,2,1.0,0,1,10,3.0,100.0,3.1587057010785826,23.333333333333332,1.4592218798151002, Low Credit Customers
246,7000.0,4,5,0.0,1,1,10,6.0,100.0,24.499229583975346,10.079365079365079,1.3802511189375597, Low Credit Customers
247,19000.0,7,3,1.0,2,1,10,6.0,100.0,24.499229583975346,55.31746031746032,2.6695368332232743, Low Credit Customers
248,11000.0,6,5,1.0,0,1,10,6.0,100.0,24.499229583975346,27.22222222222222,1.8688225475089881, Low Credit Customers
249,9000.0,6,5,2.0,0,1,10,7.0,100.0,36.132511556240374,19.20634920634921,1.803236114168318, Low Credit Customers
250,18000.0,6,3,1.0,4,1,10,8.0,100.0,47.996918335901384,51.507936507936506,2.88993304717881, Low Credit Customers
251,18000.0,6,2,1.0,2,1,10,5.0,100.0,14.637904468412943,51.507936507936506,2.4229068530339717, Low Credit Customers
252,9000.0,4,5,0.0,4,1,10,9.0,100.0,59.32203389830508,19.20634920634921,2.1278894269572235, Low Credit Customers
253,18000.0,6,2,1.0,4,1,10,7.0,100.0,36.132511556240374,51.507936507936506,2.7238313522635558, Low Credit Customers
254,16000.0,4,3,1.0,0,1,10,4.0,100.0,7.395993836671804,44.36507936507936,2.117948675618167, Low Credit Customers
255,7000.0,5,5,2.0,3,1,10,10.0,100.0,70.18489984591679,10.079365079365079,2.01985050260474, Low Credit Customers
256,13000.0,7,3,1.0,4,1,10,8.0,100.0,47.996918335901384,34.04761904761905,2.392313999559762, Low Credit Customers
257,10000.0,6,4,2.0,3,1,10,9.0,100.0,59.32203389830508,23.333333333333332,2.2455084745762712, Low Credit Customers
258,12000.0,6,3,2.0,1,1,10,6.0,100.0,24.499229583975346,30.476190476190478,1.9615606427470835, Low Credit Customers
259,6000.0,4,4,1.0,4,1,10,9.0,100.0,59.32203389830508,5.7936507936507935,1.7456275221953188, Low Credit Customers
260,15000.0,4,5,1.0,0,1,10,6.0,100.0,24.499229583975346,41.269841269841265,2.2691796903661308, Low Credit Customers
261,18000.0,5,3,0.0,4,1,10,7.0,100.0,36.132511556240374,51.507936507936506,2.7238313522635558, Low Credit Customers
262,14000.0,5,4,2.0,1,1,10,7.0,100.0,36.132511556240374,38.095238095238095,2.341569447501651, Low Credit Customers
263,14000.0,4,2,0.0,0,1,10,2.0,100.0,1.0015408320493067,38.095238095238095,1.849735857362976, Low Credit Customers
264,17000.0,4,4,1.0,2,1,10,7.0,100.0,36.132511556240374,47.93650793650794,2.6220456379778416, Low Credit Customers
265,9000.0,7,4,2.0,1,1,10,7.0,100.0,36.132511556240374,19.20634920634921,1.803236114168318, Low Credit Customers
266,20000.0,7,5,0.0,0,1,10,5.0,100.0,14.637904468412943,58.96825396825397,2.6355259006530196, Low Credit Customers
267,15000.0,6,4,0.0,1,1,10,5.0,100.0,14.637904468412943,41.269841269841265,2.131121138748257, Low Credit Customers
268,17000.0,6,5,0.0,0,1,10,5.0,100.0,14.637904468412943,47.93650793650794,2.3211211387482575, Low Credit Customers
269,16000.0,5,5,1.0,2,1,10,8.0,100.0,47.996918335901384,44.36507936507936,2.6863616186073815, Low Credit Customers
270,10000.0,4,5,2.0,1,1,10,8.0,100.0,47.996918335901384,23.333333333333332,2.0869568567026193, Low Credit Customers
271,7000.0,7,2,0.0,4,1,10,6.0,100.0,24.499229583975346,10.079365079365079,1.3802511189375597, Low Credit Customers
272,17000.0,6,2,2.0,4,1,10,8.0,100.0,47.996918335901384,47.93650793650794,2.7881473328930957, Low Credit Customers
273,18000.0,6,5,2.0,1,1,10,8.0,100.0,47.996918335901384,51.507936507936506,2.88993304717881, Low Credit Customers
274,10000.0,5,5,1.0,3,1,10,9.0,100.0,59.32203389830508,23.333333333333332,2.2455084745762712, Low Credit Customers
275,16000.0,6,2,1.0,3,1,10,6.0,100.0,24.499229583975346,44.36507936507936,2.3573939760804166, Low Credit Customers
276,15000.0,4,5,2.0,0,1,10,7.0,100.0,36.132511556240374,41.269841269841265,2.4320456379778417, Low Credit Customers
277,17000.0,4,5,0.0,4,1,10,9.0,100.0,59.32203389830508,47.93650793650794,2.946698950766747, Low Credit Customers
278,10000.0,7,4,2.0,4,1,10,10.0,100.0,70.18489984591679,23.333333333333332,2.397588597842835, Low Credit Customers
279,6000.0,6,5,2.0,1,1,10,8.0,100.0,47.996918335901384,5.7936507936507935,1.587075904321667, Low Credit Customers
280,7000.0,6,4,1.0,2,1,10,7.0,100.0,36.132511556240374,10.079365079365079,1.5431170665492702, Low Credit Customers
281,14000.0,7,2,0.0,0,1,10,2.0,100.0,1.0015408320493067,38.095238095238095,1.849735857362976, Low Credit Customers
282,6000.0,6,3,1.0,1,1,10,5.0,100.0,14.637904468412943,5.7936507936507935,1.120049710176829, Low Credit Customers
283,7000.0,4,3,1.0,0,1,10,4.0,100.0,7.395993836671804,10.079365079365079,1.1408058184753098, Low Credit Customers
284,12000.0,7,2,1.0,2,1,10,5.0,100.0,14.637904468412943,30.476190476190478,1.8235020911292097, Low Credit Customers
285,11000.0,5,5,2.0,4,1,10,11.0,100.0,79.66101694915254,27.22222222222222,2.641087570621469, Low Credit Customers
286,8000.0,4,5,0.0,0,1,10,5.0,100.0,14.637904468412943,14.523809523809526,1.3688592339863528, Low Credit Customers
287,19000.0,7,2,0.0,1,1,10,3.0,100.0,3.1587057010785826,55.31746031746032,2.3707694988627193, Low Credit Customers
288,7000.0,5,2,2.0,4,1,10,8.0,100.0,47.996918335901384,10.079365079365079,1.7092187614645242, Low Credit Customers
289,7000.0,6,5,2.0,2,1,10,9.0,100.0,59.32203389830508,10.079365079365079,1.8677703793381761, Low Credit Customers
290,18000.0,6,3,1.0,0,1,10,4.0,100.0,7.395993836671804,51.507936507936506,2.3215201041895956, Low Credit Customers
291,5000.0,7,3,2.0,2,1,10,7.0,100.0,36.132511556240374,1.8253968253968256,1.3078789713111751, Low Credit Customers
292,17000.0,4,3,0.0,4,1,10,7.0,100.0,36.132511556240374,47.93650793650794,2.6220456379778416, Low Credit Customers
293,6000.0,5,2,1.0,0,1,10,3.0,100.0,3.1587057010785826,5.7936507936507935,0.9593409274341479, Low Credit Customers
294,7000.0,6,5,2.0,3,1,10,10.0,100.0,70.18489984591679,10.079365079365079,2.01985050260474, Low Credit Customers
296,11000.0,4,4,0.0,2,1,10,6.0,100.0,24.499229583975346,27.22222222222222,1.8688225475089881, Low Credit Customers
297,7000.0,7,4,0.0,0,1,10,4.0,100.0,7.395993836671804,10.079365079365079,1.1408058184753098, Low Credit Customers
298,12000.0,6,5,0.0,2,1,10,7.0,100.0,36.132511556240374,30.476190476190478,2.124426590358794, Low Credit Customers
299,9000.0,6,5,2.0,3,1,10,10.0,100.0,70.18489984591679,19.20634920634921,2.2799695502237878, Low Credit Customers
300,15000.0,6,5,0.0,0,1,10,5.0,100.0,14.637904468412943,41.269841269841265,2.131121138748257, Low Credit Customers
301,8000.0,6,4,2.0,4,1,10,10.0,100.0,70.18489984591679,14.523809523809526,2.1465171692714065, Low Credit Customers
302,17000.0,4,2,2.0,2,1,10,6.0,100.0,24.499229583975346,47.93650793650794,2.459179690366131, Low Credit Customers
303,13000.0,4,5,2.0,2,1,10,9.0,100.0,59.32203389830508,34.04761904761905,2.5508656174334146, Low Credit Customers
304,16000.0,4,4,2.0,4,1,10,10.0,100.0,70.18489984591679,44.36507936507936,2.9969933597475973, Low Credit Customers
305,19000.0,6,5,1.0,4,1,10,10.0,100.0,70.18489984591679,55.31746031746032,3.3091362168904546,Average Credit Customers
306,19000.0,6,3,0.0,0,1,10,3.0,100.0,3.1587057010785826,55.31746031746032,2.3707694988627193, Low Credit Customers
307,8000.0,5,3,2.0,1,1,10,6.0,100.0,24.499229583975346,14.523809523809526,1.5069177856042264, Low Credit Customers
308,10000.0,4,5,0.0,3,1,10,8.0,100.0,47.996918335901384,23.333333333333332,2.0869568567026193, Low Credit Customers
309,14000.0,6,5,2.0,3,1,10,10.0,100.0,70.18489984591679,38.095238095238095,2.818302883557121, Low Credit Customers
310,5000.0,4,5,0.0,1,1,10,6.0,100.0,24.499229583975346,1.8253968253968256,1.1450130236994644, Low Credit Customers
311,10000.0,6,3,0.0,0,1,10,3.0,100.0,3.1587057010785826,23.333333333333332,1.4592218798151002, Low Credit Customers
312,5000.0,7,3,1.0,4,1,10,8.0,100.0,47.996918335901384,1.8253968253968256,1.473980666226429, Low Credit Customers
313,7000.0,4,2,2.0,4,0,10,8.0,100.0,47.996918335901384,10.079365079365079,1.7092187614645242, Low Credit Customers
314,12000.0,7,3,1.0,2,1,10,6.0,100.0,24.499229583975346,30.476190476190478,1.9615606427470835, Low Credit Customers
315,19000.0,4,3,1.0,3,1,10,7.0,100.0,36.132511556240374,55.31746031746032,2.8324027808349848, Low Credit Customers
316,18000.0,6,4,0.0,2,1,10,6.0,100.0,24.499229583975346,51.507936507936506,2.5609654046518453, Low Credit Customers
317,5000.0,5,5,0.0,4,1,10,9.0,100.0,59.32203389830508,1.8253968253968256,1.6325322841000807, Low Credit Customers
318,14000.0,6,4,0.0,3,1,10,7.0,100.0,36.132511556240374,38.095238095238095,2.341569447501651, Low Credit Customers
319,8000.0,6,2,0.0,3,1,10,5.0,100.0,14.637904468412943,14.523809523809526,1.3688592339863528, Low Credit Customers
320,12000.0,6,5,2.0,1,1,10,8.0,100.0,47.996918335901384,30.476190476190478,2.2905282852740476, Low Credit Customers
321,9000.0,7,5,0.0,0,1,10,5.0,100.0,14.637904468412943,19.20634920634921,1.5023116149387339, Low Credit Customers
322,8000.0,6,3,1.0,2,1,10,6.0,100.0,24.499229583975346,14.523809523809526,1.5069177856042264, Low Credit Customers
323,6000.0,4,2,2.0,2,1,10,6.0,100.0,24.499229583975346,5.7936507936507935,1.2581082617947026, Low Credit Customers
325,14000.0,4,4,2.0,3,1,10,9.0,100.0,59.32203389830508,38.095238095238095,2.666222760290557, Low Credit Customers
326,6000.0,4,4,2.0,3,1,10,9.0,100.0,59.32203389830508,5.7936507936507935,1.7456275221953188, Low Credit Customers
327,11000.0,5,5,1.0,1,1,10,7.0,100.0,36.132511556240374,27.22222222222222,2.0316884951206986, Low Credit Customers
328,14000.0,4,4,2.0,1,1,10,7.0,100.0,36.132511556240374,38.095238095238095,2.341569447501651, Low Credit Customers
329,5000.0,7,4,2.0,4,1,10,10.0,100.0,70.18489984591679,1.8253968253968256,1.784612407366645, Low Credit Customers
330,19000.0,6,3,1.0,2,1,10,6.0,100.0,24.499229583975346,55.31746031746032,2.6695368332232743, Low Credit Customers
331,18000.0,6,5,2.0,0,1,10,7.0,100.0,36.132511556240374,51.507936507936506,2.7238313522635558, Low Credit Customers
332,17000.0,7,3,1.0,0,1,10,4.0,100.0,7.395993836671804,47.93650793650794,2.2197343899038815, Low Credit Customers
333,15000.0,5,4,2.0,2,1,10,8.0,100.0,47.996918335901384,41.269841269841265,2.5981473328930953, Low Credit Customers
334,8000.0,7,4,2.0,0,1,10,6.0,100.0,24.499229583975346,14.523809523809526,1.5069177856042264, Low Credit Customers
335,19000.0,6,5,2.0,0,1,10,7.0,100.0,36.132511556240374,55.31746031746032,2.8324027808349848, Low Credit Customers
336,12000.0,4,4,2.0,1,1,10,7.0,100.0,36.132511556240374,30.476190476190478,2.124426590358794, Low Credit Customers
337,6000.0,7,2,0.0,4,1,10,6.0,100.0,24.499229583975346,5.7936507936507935,1.2581082617947026, Low Credit Customers
338,20000.0,6,2,0.0,1,1,10,3.0,100.0,3.1587057010785826,58.96825396825397,2.474817117910338, Low Credit Customers
339,10000.0,6,3,1.0,1,1,10,5.0,100.0,14.637904468412943,23.333333333333332,1.6199306625577812, Low Credit Customers
340,7000.0,6,3,1.0,1,1,10,5.0,100.0,14.637904468412943,10.079365079365079,1.242192567319686, Low Credit Customers
341,18000.0,4,3,2.0,0,1,10,5.0,100.0,14.637904468412943,51.507936507936506,2.4229068530339717, Low Credit Customers
342,9000.0,6,4,2.0,3,1,10,9.0,100.0,59.32203389830508,19.20634920634921,2.1278894269572235, Low Credit Customers
343,6000.0,5,3,2.0,4,1,10,9.0,100.0,59.32203389830508,5.7936507936507935,1.7456275221953188, Low Credit Customers
344,16000.0,5,2,2.0,1,1,10,5.0,100.0,14.637904468412943,44.36507936507936,2.2193354244625434, Low Credit Customers
345,14000.0,7,4,2.0,1,1,10,7.0,100.0,36.132511556240374,38.095238095238095,2.341569447501651, Low Credit Customers
346,19000.0,6,3,0.0,1,1,10,4.0,100.0,7.395993836671804,55.31746031746032,2.430091532761024, Low Credit Customers
347,5000.0,6,2,0.0,3,1,10,5.0,100.0,14.637904468412943,1.8253968253968256,1.0069544720815908, Low Credit Customers
348,18000.0,4,4,2.0,3,1,10,9.0,100.0,59.32203389830508,51.507936507936506,3.0484846650524617,Average Credit Customers
349,11000.0,7,3,2.0,3,1,10,8.0,100.0,47.996918335901384,27.22222222222222,2.1977901900359527, Low Credit Customers
350,11000.0,5,2,0.0,2,1,10,4.0,100.0,7.395993836671804,27.22222222222222,1.6293772470467385, Low Credit Customers
351,12000.0,7,2,0.0,1,1,10,3.0,100.0,3.1587057010785826,30.476190476190478,1.6627933083865287, Low Credit Customers
352,15000.0,5,2,0.0,0,1,10,2.0,100.0,1.0015408320493067,41.269841269841265,1.9402120478391662, Low Credit Customers
353,9000.0,5,4,1.0,3,1,10,8.0,100.0,47.996918335901384,19.20634920634921,1.969337809083572, Low Credit Customers
354,9000.0,7,4,0.0,2,1,10,6.0,100.0,24.499229583975346,19.20634920634921,1.6403701665566073, Low Credit Customers
355,10000.0,5,5,1.0,4,1,10,10.0,100.0,70.18489984591679,23.333333333333332,2.397588597842835, Low Credit Customers
356,16000.0,6,5,1.0,1,1,10,7.0,100.0,36.132511556240374,44.36507936507936,2.5202599236921275, Low Credit Customers
357,7000.0,4,4,2.0,2,1,10,8.0,100.0,47.996918335901384,10.079365079365079,1.7092187614645242, Low Credit Customers
358,9000.0,5,2,2.0,0,1,10,4.0,100.0,7.395993836671804,19.20634920634921,1.4009248660943578, Low Credit Customers
359,8000.0,4,2,0.0,2,1,10,4.0,100.0,7.395993836671804,14.523809523809526,1.2674724851419767, Low Credit Customers
360,14000.0,6,3,0.0,1,1,10,4.0,100.0,7.395993836671804,38.095238095238095,1.939258199427691, Low Credit Customers
362,20000.0,5,5,2.0,1,1,10,8.0,100.0,47.996918335901384,58.96825396825397,3.1025520947978578,Average Credit Customers
363,6000.0,5,2,0.0,1,1,10,3.0,100.0,3.1587057010785826,5.7936507936507935,0.9593409274341479, Low Credit Customers
364,13000.0,6,4,2.0,3,1,10,9.0,100.0,59.32203389830508,34.04761904761905,2.5508656174334146, Low Credit Customers
365,13000.0,7,5,0.0,2,1,10,7.0,100.0,36.132511556240374,34.04761904761905,2.2262123046445086, Low Credit Customers
366,17000.0,7,5,0.0,3,1,10,8.0,100.0,47.996918335901384,47.93650793650794,2.7881473328930957, Low Credit Customers
367,8000.0,4,3,2.0,1,1,10,6.0,100.0,24.499229583975346,14.523809523809526,1.5069177856042264, Low Credit Customers
368,20000.0,4,3,0.0,3,1,10,6.0,100.0,24.499229583975346,58.96825396825397,2.7735844522708932, Low Credit Customers
369,19000.0,6,4,1.0,3,1,10,8.0,100.0,47.996918335901384,55.31746031746032,2.998504475750239, Low Credit Customers
370,11000.0,5,3,2.0,3,1,10,8.0,100.0,47.996918335901384,27.22222222222222,2.1977901900359527, Low Credit Customers
371,6000.0,5,2,2.0,1,1,10,5.0,100.0,14.637904468412943,5.7936507936507935,1.120049710176829, Low Credit Customers
372,17000.0,6,5,1.0,1,1,10,7.0,100.0,36.132511556240374,47.93650793650794,2.6220456379778416, Low Credit Customers
373,6000.0,4,5,0.0,1,1,10,6.0,100.0,24.499229583975346,5.7936507936507935,1.2581082617947026, Low Credit Customers
374,18000.0,6,5,0.0,4,1,10,9.0,100.0,59.32203389830508,51.507936507936506,3.0484846650524617,Average Credit Customers
375,16000.0,6,3,1.0,3,1,10,7.0,100.0,36.132511556240374,44.36507936507936,2.5202599236921275, Low Credit Customers
376,13000.0,5,4,1.0,2,1,10,7.0,100.0,36.132511556240374,34.04761904761905,2.2262123046445086, Low Credit Customers
377,19000.0,5,2,0.0,4,1,10,6.0,100.0,24.499229583975346,55.31746031746032,2.6695368332232743, Low Credit Customers
379,6000.0,7,2,0.0,3,1,10,5.0,100.0,14.637904468412943,5.7936507936507935,1.120049710176829, Low Credit Customers
380,13000.0,7,2,0.0,4,1,10,6.0,100.0,24.499229583975346,34.04761904761905,2.0633463570327977, Low Credit Customers
381,19000.0,4,2,0.0,1,1,10,3.0,100.0,3.1587057010785826,55.31746031746032,2.3707694988627193, Low Credit Customers
382,6000.0,6,3,2.0,3,1,10,8.0,100.0,47.996918335901384,5.7936507936507935,1.587075904321667, Low Credit Customers
383,18000.0,5,3,1.0,3,1,10,7.0,100.0,36.132511556240374,51.507936507936506,2.7238313522635558, Low Credit Customers
384,8000.0,4,4,0.0,0,1,10,4.0,100.0,7.395993836671804,14.523809523809526,1.2674724851419767, Low Credit Customers
386,18000.0,5,2,2.0,2,1,10,6.0,100.0,24.499229583975346,51.507936507936506,2.5609654046518453, Low Credit Customers
387,8000.0,7,3,0.0,3,1,10,6.0,100.0,24.499229583975346,14.523809523809526,1.5069177856042264, Low Credit Customers
388,12000.0,5,4,2.0,1,1,10,7.0,100.0,36.132511556240374,30.476190476190478,2.124426590358794, Low Credit Customers
389,11000.0,4,5,0.0,3,1,10,8.0,100.0,47.996918335901384,27.22222222222222,2.1977901900359527, Low Credit Customers
390,11000.0,4,2,0.0,4,1,10,6.0,100.0,24.499229583975346,27.22222222222222,1.8688225475089881, Low Credit Customers
391,13000.0,4,5,0.0,0,1,10,5.0,100.0,14.637904468412943,34.04761904761905,1.9252878054149243, Low Credit Customers
392,6000.0,4,4,0.0,0,1,10,4.0,100.0,7.395993836671804,5.7936507936507935,1.0186629613324527, Low Credit Customers
393,20000.0,4,2,0.0,1,1,10,3.0,100.0,3.1587057010785826,58.96825396825397,2.474817117910338, Low Credit Customers
394,13000.0,7,4,0.0,1,1,10,5.0,100.0,14.637904468412943,34.04761904761905,1.9252878054149243, Low Credit Customers
396,73000.0,6,4,2.0,0,1,10,6.0,100.0,24.499229583975346,93.41269841269842,3.7552511189375597,Average Credit Customers
397,49000.0,5,3,2.0,0,1,10,5.0,100.0,14.637904468412943,77.53968253968254,3.164811614938734,Average Credit Customers
398,67000.0,6,2,2.0,2,1,10,6.0,100.0,24.499229583975346,88.4126984126984,3.612751118937559,Average Credit Customers
399,61000.0,7,3,0.0,1,1,10,4.0,100.0,7.395993836671804,85.07936507936508,3.2783058184753098,Average Credit Customers
400,75000.0,7,3,2.0,4,1,10,9.0,100.0,59.32203389830508,94.84126984126983,4.283484665052462,High Credit Customers
401,48000.0,4,4,0.0,3,1,10,7.0,100.0,36.132511556240374,76.74603174603175,3.44311706654927,Average Credit Customers
402,56000.0,4,2,0.0,2,1,10,4.0,100.0,7.395993836671804,81.9047619047619,3.187829627999119,Average Credit Customers
403,72000.0,4,3,2.0,1,1,10,6.0,100.0,24.499229583975346,92.85714285714286,3.7394177856042266,Average Credit Customers
404,70000.0,7,2,0.0,4,1,10,6.0,100.0,24.499229583975346,91.19047619047619,3.6919177856042262,Average Credit Customers
405,51000.0,7,3,0.0,4,1,10,7.0,100.0,36.132511556240374,79.44444444444444,3.5200218284540323,Average Credit Customers
406,73000.0,6,2,0.0,2,1,10,4.0,100.0,7.395993836671804,93.41269841269842,3.5158058184753105,Average Credit Customers
407,50000.0,5,4,0.0,1,1,10,5.0,100.0,14.637904468412943,78.4920634920635,3.1919544720815907,Average Credit Customers
408,49000.0,5,3,0.0,1,1,10,4.0,100.0,7.395993836671804,77.53968253968254,3.063424866094358,Average Credit Customers
409,69000.0,7,2,2.0,2,1,10,6.0,100.0,24.499229583975346,90.07936507936508,3.660251118937559,Average Credit Customers
410,40000.0,5,2,2.0,2,1,10,6.0,100.0,24.499229583975346,72.38095238095238,3.1558463570327975,Average Credit Customers
411,44000.0,4,5,0.0,2,1,10,7.0,100.0,36.132511556240374,74.28571428571429,3.3729980189302227,Average Credit Customers
412,31000.0,6,5,2.0,1,1,10,8.0,100.0,47.996918335901384,64.44444444444444,3.258623523369286,Average Credit Customers
413,37000.0,7,5,0.0,1,1,10,6.0,100.0,24.499229583975346,69.28571428571428,3.0676320713185117,Average Credit Customers
414,65000.0,4,3,0.0,3,1,10,6.0,100.0,24.499229583975346,87.14285714285714,3.576560642747083,Average Credit Customers
415,48000.0,7,3,2.0,3,1,10,8.0,100.0,47.996918335901384,76.74603174603175,3.609218761464524,Average Credit Customers
416,46000.0,5,2,2.0,3,1,10,7.0,100.0,36.132511556240374,75.23809523809524,3.40014087607308,Average Credit Customers
417,61000.0,5,5,1.0,4,1,10,10.0,100.0,70.18489984591679,85.07936507936508,4.15735050260474,High Credit Customers
418,74000.0,5,2,0.0,0,1,10,2.0,100.0,1.0015408320493067,94.2063492063492,3.448902524029643,Average Credit Customers
419,58000.0,6,4,0.0,1,1,10,5.0,100.0,14.637904468412943,83.17460317460318,3.3254068530339715,Average Credit Customers
420,39000.0,5,3,2.0,2,1,10,7.0,100.0,36.132511556240374,71.58730158730158,3.29609325702546,Average Credit Customers
421,70000.0,5,5,0.0,4,1,10,9.0,100.0,59.32203389830508,91.19047619047619,4.179437046004842,High Credit Customers
422,56000.0,6,3,1.0,0,1,10,4.0,100.0,7.395993836671804,81.9047619047619,3.187829627999119,Average Credit Customers
423,52000.0,5,3,0.0,3,1,10,6.0,100.0,24.499229583975346,80.15873015873017,3.377513023699464,Average Credit Customers
424,33000.0,5,4,2.0,0,1,10,6.0,100.0,24.499229583975346,65.47619047619048,2.959060642747083, Low Credit Customers
425,47000.0,6,2,0.0,4,1,10,6.0,100.0,24.499229583975346,75.87301587301587,3.2553701665566077,Average Credit Customers
426,71000.0,7,2,0.0,2,1,10,4.0,100.0,7.395993836671804,92.3015873015873,3.4841391518086433,Average Credit Customers
427,50000.0,7,5,2.0,2,1,10,9.0,100.0,59.32203389830508,78.4920634920635,3.8175322841000807,Average Credit Customers
428,56000.0,4,4,0.0,3,1,10,7.0,100.0,36.132511556240374,81.9047619047619,3.590140876073079,Average Credit Customers
429,41000.0,4,4,1.0,0,1,10,5.0,100.0,14.637904468412943,73.09523809523809,3.0381449482720666,Average Credit Customers
430,71000.0,6,4,0.0,0,1,10,4.0,100.0,7.395993836671804,92.3015873015873,3.4841391518086433,Average Credit Customers
431,72000.0,6,5,2.0,3,1,10,10.0,100.0,70.18489984591679,92.85714285714286,4.379017169271407,High Credit Customers
432,59000.0,6,2,1.0,2,1,10,5.0,100.0,14.637904468412943,83.73015873015873,3.3412401863673056,Average Credit Customers
433,64000.0,6,3,2.0,3,1,10,8.0,100.0,47.996918335901384,86.42857142857143,3.8851711424169055,Average Credit Customers
434,45000.0,4,2,1.0,2,1,10,5.0,100.0,14.637904468412943,74.76190476190476,3.085644948272067,Average Credit Customers
435,74000.0,4,5,0.0,3,1,10,8.0,100.0,47.996918335901384,94.2063492063492,4.106837809083571,High Credit Customers
436,73000.0,4,2,1.0,1,1,10,4.0,100.0,7.395993836671804,93.41269841269842,3.5158058184753105,Average Credit Customers
437,54000.0,6,3,0.0,2,1,10,5.0,100.0,14.637904468412943,80.87301587301587,3.2598116149387337,Average Credit Customers
438,31000.0,7,2,1.0,4,1,10,7.0,100.0,36.132511556240374,64.44444444444444,3.092521828454032,Average Credit Customers
439,66000.0,7,4,0.0,3,1,10,7.0,100.0,36.132511556240374,87.85714285714286,3.7597837332159374,Average Credit Customers
440,50000.0,5,3,0.0,3,1,10,6.0,100.0,24.499229583975346,78.4920634920635,3.3300130236994643,Average Credit Customers
441,27000.0,6,2,1.0,3,1,10,6.0,100.0,24.499229583975346,61.66666666666667,2.850489214175655, Low Credit Customers
442,51000.0,4,3,0.0,3,1,10,6.0,100.0,24.499229583975346,79.44444444444444,3.3571558808423214,Average Credit Customers
443,65000.0,6,5,2.0,3,1,10,10.0,100.0,70.18489984591679,87.14285714285714,4.216160026414264,High Credit Customers
444,67000.0,6,5,2.0,0,1,10,7.0,100.0,36.132511556240374,88.4126984126984,3.7756170665492697,Average Credit Customers
445,43000.0,7,5,0.0,4,1,10,9.0,100.0,59.32203389830508,73.96825396825398,3.68860371267151,Average Credit Customers
446,70000.0,5,4,0.0,2,1,10,6.0,100.0,24.499229583975346,91.19047619047619,3.6919177856042262,Average Credit Customers
447,61000.0,5,2,2.0,1,1,10,5.0,100.0,14.637904468412943,85.07936507936508,3.3796925673196854,Average Credit Customers
448,31000.0,4,4,2.0,1,1,10,7.0,100.0,36.132511556240374,64.44444444444444,3.092521828454032,Average Credit Customers
449,36000.0,4,3,2.0,3,1,10,8.0,100.0,47.996918335901384,67.93650793650794,3.3581473328930955,Average Credit Customers
450,51000.0,7,3,2.0,0,1,10,5.0,100.0,14.637904468412943,79.44444444444444,3.2190973292244482,Average Credit Customers
451,36000.0,4,4,2.0,2,1,10,8.0,100.0,47.996918335901384,67.93650793650794,3.3581473328930955,Average Credit Customers
452,50000.0,5,4,2.0,3,1,10,9.0,100.0,59.32203389830508,78.4920634920635,3.8175322841000807,Average Credit Customers
453,74000.0,4,4,0.0,3,1,10,7.0,100.0,36.132511556240374,94.2063492063492,3.9407361141683177,Average Credit Customers
454,25000.0,4,3,0.0,2,1,10,5.0,100.0,14.637904468412943,60.63492063492063,2.6830259006530195, Low Credit Customers
456,41000.0,6,5,2.0,3,1,10,10.0,100.0,70.18489984591679,73.09523809523809,3.8158028835571205,Average Credit Customers
457,57000.0,5,2,0.0,4,1,10,6.0,100.0,24.499229583975346,82.6984126984127,3.4498939760804164,Average Credit Customers
458,67000.0,7,2,1.0,3,1,10,6.0,100.0,24.499229583975346,88.4126984126984,3.612751118937559,Average Credit Customers
459,74000.0,7,4,2.0,4,1,10,10.0,100.0,70.18489984591679,94.2063492063492,4.417469550223788,High Credit Customers
460,26000.0,6,4,2.0,3,1,10,9.0,100.0,59.32203389830508,61.111111111111114,3.322175141242938,Average Credit Customers
461,38000.0,4,4,2.0,3,1,10,9.0,100.0,59.32203389830508,70.3968253968254,3.5868179983857953,Average Credit Customers
462,75000.0,4,4,0.0,1,1,10,5.0,100.0,14.637904468412943,94.84126984126983,3.657906853033971,Average Credit Customers
463,38000.0,4,5,1.0,4,1,10,10.0,100.0,70.18489984591679,70.3968253968254,3.738898121652359,Average Credit Customers
464,52000.0,4,2,1.0,2,1,10,5.0,100.0,14.637904468412943,80.15873015873017,3.239454472081591,Average Credit Customers
465,48000.0,5,5,0.0,2,1,10,7.0,100.0,36.132511556240374,76.74603174603175,3.44311706654927,Average Credit Customers
466,70000.0,6,2,0.0,3,1,10,5.0,100.0,14.637904468412943,91.19047619047619,3.553859233986353,Average Credit Customers
467,36000.0,4,4,2.0,1,1,10,7.0,100.0,36.132511556240374,67.93650793650794,3.1920456379778415,Average Credit Customers
468,36000.0,5,5,0.0,4,1,10,9.0,100.0,59.32203389830508,67.93650793650794,3.5166989507667474,Average Credit Customers
469,66000.0,6,2,1.0,1,1,10,4.0,100.0,7.395993836671804,87.85714285714286,3.357472485141977,Average Credit Customers
470,37000.0,5,5,1.0,4,1,10,10.0,100.0,70.18489984591679,69.28571428571428,3.707231454985692,Average Credit Customers
471,48000.0,6,3,2.0,2,1,10,7.0,100.0,36.132511556240374,76.74603174603175,3.44311706654927,Average Credit Customers
472,35000.0,6,3,1.0,4,1,10,8.0,100.0,47.996918335901384,66.9047619047619,3.328742570988334,Average Credit Customers
473,26000.0,6,3,1.0,2,1,10,6.0,100.0,24.499229583975346,61.111111111111114,2.8346558808423215, Low Credit Customers
474,38000.0,4,3,1.0,4,1,10,8.0,100.0,47.996918335901384,70.3968253968254,3.4282663805121434,Average Credit Customers
475,45000.0,5,5,2.0,2,1,10,9.0,100.0,59.32203389830508,74.76190476190476,3.7112227602905565,Average Credit Customers
476,70000.0,6,5,0.0,4,1,10,9.0,100.0,59.32203389830508,91.19047619047619,4.179437046004842,High Credit Customers
477,51000.0,7,5,2.0,4,1,10,11.0,100.0,79.66101694915254,79.44444444444444,4.129420903954802,High Credit Customers
478,34000.0,6,3,2.0,1,1,10,6.0,100.0,24.499229583975346,66.26984126984127,2.9816796903661307, Low Credit Customers
479,47000.0,7,3,2.0,2,1,10,7.0,100.0,36.132511556240374,75.87301587301587,3.4182361141683177,Average Credit Customers
480,47000.0,6,2,0.0,0,1,10,2.0,100.0,1.0015408320493067,75.87301587301587,2.9264025240296427, Low Credit Customers
481,30000.0,7,3,1.0,0,1,10,4.0,100.0,7.395993836671804,63.57142857142857,2.665329627999119, Low Credit Customers
482,74000.0,4,2,0.0,4,1,10,6.0,100.0,24.499229583975346,94.2063492063492,3.777870166556607,Average Credit Customers
483,30000.0,5,4,1.0,1,1,10,6.0,100.0,24.499229583975346,63.57142857142857,2.904774928461369, Low Credit Customers
484,28000.0,5,4,1.0,1,1,10,6.0,100.0,24.499229583975346,62.06349206349206,2.8617987379851786, Low Credit Customers
485,58000.0,7,3,2.0,1,1,10,6.0,100.0,24.499229583975346,83.17460317460318,3.463465404651845,Average Credit Customers
486,64000.0,4,2,2.0,2,1,10,6.0,100.0,24.499229583975346,86.42857142857143,3.556203499889941,Average Credit Customers
487,39000.0,7,5,2.0,1,1,10,8.0,100.0,47.996918335901384,71.58730158730158,3.462194951940714,Average Credit Customers
488,44000.0,6,4,0.0,2,1,10,6.0,100.0,24.499229583975346,74.28571428571429,3.2101320713185117,Average Credit Customers
489,50000.0,7,5,2.0,1,1,10,8.0,100.0,47.996918335901384,78.4920634920635,3.658980666226429,Average Credit Customers
490,65000.0,4,2,0.0,0,1,10,2.0,100.0,1.0015408320493067,87.14285714285714,3.2475930002201183,Average Credit Customers
491,63000.0,4,5,0.0,0,1,10,5.0,100.0,14.637904468412943,85.95238095238096,3.404573519700639,Average Credit Customers
492,50000.0,6,4,2.0,0,1,10,6.0,100.0,24.499229583975346,78.4920634920635,3.3300130236994643,Average Credit Customers
493,35000.0,6,2,1.0,4,1,10,7.0,100.0,36.132511556240374,66.9047619047619,3.1626408760730795,Average Credit Customers
494,29000.0,4,3,0.0,1,1,10,4.0,100.0,7.395993836671804,62.698412698412696,2.640448675618167, Low Credit Customers
495,56000.0,7,3,0.0,3,1,10,6.0,100.0,24.499229583975346,81.9047619047619,3.427274928461369,Average Credit Customers
496,49000.0,5,3,2.0,3,1,10,8.0,100.0,47.996918335901384,77.53968253968254,3.6318378090835726,Average Credit Customers
498,31000.0,4,4,1.0,0,1,10,5.0,100.0,14.637904468412943,64.44444444444444,2.791597329224448, Low Credit Customers
499,68000.0,6,4,2.0,2,1,10,8.0,100.0,47.996918335901384,89.20634920634922,3.964337809083572,Average Credit Customers
500,41000.0,5,4,0.0,4,1,10,8.0,100.0,47.996918335901384,73.09523809523809,3.5051711424169043,Average Credit Customers
501,38000.0,6,3,1.0,0,1,10,4.0,100.0,7.395993836671804,70.3968253968254,2.859853437522929, Low Credit Customers
502,54000.0,6,2,2.0,4,1,10,8.0,100.0,47.996918335901384,80.87301587301587,3.7268378090835714,Average Credit Customers
503,70000.0,6,3,0.0,0,1,10,3.0,100.0,3.1587057010785826,91.19047619047619,3.393150451243671,Average Credit Customers
504,34000.0,6,5,1.0,0,1,10,6.0,100.0,24.499229583975346,66.26984126984127,2.9816796903661307, Low Credit Customers
505,68000.0,5,2,0.0,2,1,10,4.0,100.0,7.395993836671804,89.20634920634922,3.3959248660943575,Average Credit Customers
506,26000.0,6,5,2.0,3,1,10,10.0,100.0,70.18489984591679,61.111111111111114,3.4742552645095017,Average Credit Customers
507,42000.0,6,3,2.0,0,1,10,5.0,100.0,14.637904468412943,73.73015873015873,3.056240186367305,Average Credit Customers
508,59000.0,7,2,0.0,3,1,10,5.0,100.0,14.637904468412943,83.73015873015873,3.3412401863673056,Average Credit Customers
509,30000.0,4,4,2.0,1,1,10,7.0,100.0,36.132511556240374,63.57142857142857,3.06764087607308,Average Credit Customers
510,33000.0,6,2,2.0,2,1,10,6.0,100.0,24.499229583975346,65.47619047619048,2.959060642747083, Low Credit Customers
511,49000.0,6,2,0.0,2,1,10,4.0,100.0,7.395993836671804,77.53968253968254,3.063424866094358,Average Credit Customers
512,62000.0,6,2,1.0,3,1,10,6.0,100.0,24.499229583975346,85.55555555555556,3.531322547508988,Average Credit Customers
513,40000.0,5,3,1.0,4,1,10,8.0,100.0,47.996918335901384,72.38095238095238,3.484813999559762,Average Credit Customers
514,30000.0,5,2,2.0,3,1,10,7.0,100.0,36.132511556240374,63.57142857142857,3.06764087607308,Average Credit Customers
515,37000.0,4,4,2.0,2,1,10,8.0,100.0,47.996918335901384,69.28571428571428,3.396599713845476,Average Credit Customers
516,32000.0,7,4,0.0,3,1,10,7.0,100.0,36.132511556240374,65.0,3.1083551617873653,Average Credit Customers
517,62000.0,4,2,2.0,3,1,10,7.0,100.0,36.132511556240374,85.55555555555556,3.6941884951206987,Average Credit Customers
518,36000.0,7,4,0.0,2,1,10,6.0,100.0,24.499229583975346,67.93650793650794,3.029179690366131,Average Credit Customers
519,57000.0,7,2,0.0,0,1,10,2.0,100.0,1.0015408320493067,82.6984126984127,3.1209263335534523,Average Credit Customers
520,39000.0,6,4,0.0,4,1,10,8.0,100.0,47.996918335901384,71.58730158730158,3.462194951940714,Average Credit Customers
521,70000.0,4,3,2.0,2,1,10,7.0,100.0,36.132511556240374,91.19047619047619,3.8547837332159363,Average Credit Customers
522,36000.0,7,5,0.0,0,1,10,5.0,100.0,14.637904468412943,67.93650793650794,2.8911211387482574, Low Credit Customers
523,69000.0,6,3,0.0,2,1,10,5.0,100.0,14.637904468412943,90.07936507936508,3.522192567319686,Average Credit Customers
524,59000.0,7,3,2.0,4,1,10,9.0,100.0,59.32203389830508,83.73015873015873,3.9668179983857947,Average Credit Customers
525,71000.0,5,4,1.0,0,1,10,5.0,100.0,14.637904468412943,92.3015873015873,3.5855259006530193,Average Credit Customers
526,29000.0,4,2,2.0,3,1,10,7.0,100.0,36.132511556240374,62.698412698412696,3.0427599236921274,Average Credit Customers
527,37000.0,5,2,1.0,3,1,10,6.0,100.0,24.499229583975346,69.28571428571428,3.0676320713185117,Average Credit Customers
528,34000.0,4,3,0.0,1,1,10,4.0,100.0,7.395993836671804,66.26984126984127,2.7422343899038815, Low Credit Customers
529,34000.0,6,3,2.0,4,1,10,9.0,100.0,59.32203389830508,66.26984126984127,3.4691989507667476,Average Credit Customers
530,38000.0,4,3,0.0,0,1,10,3.0,100.0,3.1587057010785826,70.3968253968254,2.8005314036246243, Low Credit Customers
531,32000.0,4,3,2.0,2,1,10,7.0,100.0,36.132511556240374,65.0,3.1083551617873653,Average Credit Customers
532,48000.0,4,3,2.0,2,1,10,7.0,100.0,36.132511556240374,76.74603174603175,3.44311706654927,Average Credit Customers
533,36000.0,6,3,0.0,3,1,10,6.0,100.0,24.499229583975346,67.93650793650794,3.029179690366131,Average Credit Customers
534,56000.0,6,4,0.0,3,1,10,7.0,100.0,36.132511556240374,81.9047619047619,3.590140876073079,Average Credit Customers
535,28000.0,4,5,1.0,3,1,10,9.0,100.0,59.32203389830508,62.06349206349206,3.349317998385795,Average Credit Customers
536,48000.0,4,4,1.0,0,1,10,5.0,100.0,14.637904468412943,76.74603174603175,3.142192567319686,Average Credit Customers
537,68000.0,7,3,1.0,4,1,10,8.0,100.0,47.996918335901384,89.20634920634922,3.964337809083572,Average Credit Customers
538,74000.0,7,4,1.0,3,1,10,8.0,100.0,47.996918335901384,94.2063492063492,4.106837809083571,High Credit Customers
539,70000.0,4,4,1.0,0,1,10,5.0,100.0,14.637904468412943,91.19047619047619,3.553859233986353,Average Credit Customers
540,45000.0,7,2,0.0,3,1,10,5.0,100.0,14.637904468412943,74.76190476190476,3.085644948272067,Average Credit Customers
541,60000.0,7,5,2.0,2,1,10,9.0,100.0,59.32203389830508,84.44444444444444,3.987175141242938,Average Credit Customers
542,47000.0,5,5,1.0,2,1,10,8.0,100.0,47.996918335901384,75.87301587301587,3.5843378090835714,Average Credit Customers
543,60000.0,5,2,1.0,0,1,10,3.0,100.0,3.1587057010785826,84.44444444444444,3.200888546481767,Average Credit Customers
544,54000.0,6,3,1.0,2,1,10,6.0,100.0,24.499229583975346,80.87301587301587,3.3978701665566073,Average Credit Customers
545,28000.0,7,5,0.0,4,1,10,9.0,100.0,59.32203389830508,62.06349206349206,3.349317998385795,Average Credit Customers
546,68000.0,7,2,1.0,4,1,10,7.0,100.0,36.132511556240374,89.20634920634922,3.798236114168318,Average Credit Customers
547,26000.0,4,5,2.0,4,1,10,11.0,100.0,79.66101694915254,61.111111111111114,3.6069209039548022,Average Credit Customers
548,56000.0,4,3,0.0,4,1,10,7.0,100.0,36.132511556240374,81.9047619047619,3.590140876073079,Average Credit Customers
549,39000.0,7,5,2.0,3,1,10,10.0,100.0,70.18489984591679,71.58730158730158,3.7728266930809298,Average Credit Customers
550,59000.0,7,5,2.0,3,1,10,10.0,100.0,70.18489984591679,83.73015873015873,4.118898121652359,High Credit Customers
551,37000.0,7,2,1.0,1,1,10,4.0,100.0,7.395993836671804,69.28571428571428,2.828186770856262, Low Credit Customers
552,65000.0,7,3,2.0,1,1,10,6.0,100.0,24.499229583975346,87.14285714285714,3.576560642747083,Average Credit Customers
553,41000.0,7,4,1.0,3,1,10,8.0,100.0,47.996918335901384,73.09523809523809,3.5051711424169043,Average Credit Customers
554,33000.0,5,2,2.0,0,1,10,4.0,100.0,7.395993836671804,65.47619047619048,2.719615342284834, Low Credit Customers
555,52000.0,4,5,0.0,4,1,10,9.0,100.0,59.32203389830508,80.15873015873017,3.865032284100081,Average Credit Customers
556,60000.0,4,5,0.0,4,1,10,9.0,100.0,59.32203389830508,84.44444444444444,3.987175141242938,Average Credit Customers
557,62000.0,7,4,1.0,4,1,10,9.0,100.0,59.32203389830508,85.55555555555556,4.018841807909605,High Credit Customers
558,40000.0,6,5,1.0,2,1,10,8.0,100.0,47.996918335901384,72.38095238095238,3.484813999559762,Average Credit Customers
559,41000.0,7,5,2.0,3,1,10,10.0,100.0,70.18489984591679,73.09523809523809,3.8158028835571205,Average Credit Customers
560,46000.0,6,3,1.0,0,1,10,4.0,100.0,7.395993836671804,75.23809523809524,2.9978296279991197, Low Credit Customers
561,29000.0,7,5,0.0,2,1,10,7.0,100.0,36.132511556240374,62.698412698412696,3.0427599236921274,Average Credit Customers
562,56000.0,7,3,0.0,1,1,10,4.0,100.0,7.395993836671804,81.9047619047619,3.187829627999119,Average Credit Customers
563,69000.0,5,4,1.0,0,1,10,5.0,100.0,14.637904468412943,90.07936507936508,3.522192567319686,Average Credit Customers
564,36000.0,7,4,0.0,0,1,10,4.0,100.0,7.395993836671804,67.93650793650794,2.7897343899038813, Low Credit Customers
565,69000.0,6,5,0.0,1,1,10,6.0,100.0,24.499229583975346,90.07936507936508,3.660251118937559,Average Credit Customers
566,38000.0,6,5,0.0,1,1,10,6.0,100.0,24.499229583975346,70.3968253968254,3.0992987379851793,Average Credit Customers
567,29000.0,7,3,1.0,1,1,10,5.0,100.0,14.637904468412943,62.698412698412696,2.7418354244625434, Low Credit Customers
568,58000.0,6,5,1.0,0,1,10,6.0,100.0,24.499229583975346,83.17460317460318,3.463465404651845,Average Credit Customers
569,72000.0,6,4,1.0,0,1,10,5.0,100.0,14.637904468412943,92.85714285714286,3.6013592339863525,Average Credit Customers
570,64000.0,4,2,1.0,1,1,10,4.0,100.0,7.395993836671804,86.42857142857143,3.316758199427691,Average Credit Customers
571,36000.0,7,2,0.0,4,1,10,6.0,100.0,24.499229583975346,67.93650793650794,3.029179690366131,Average Credit Customers
572,71000.0,7,4,0.0,2,1,10,6.0,100.0,24.499229583975346,92.3015873015873,3.7235844522708934,Average Credit Customers
573,66000.0,7,2,2.0,3,1,10,7.0,100.0,36.132511556240374,87.85714285714286,3.7597837332159374,Average Credit Customers
574,70000.0,4,3,2.0,0,1,10,5.0,100.0,14.637904468412943,91.19047619047619,3.553859233986353,Average Credit Customers
575,73000.0,5,3,0.0,4,1,10,7.0,100.0,36.132511556240374,93.41269841269842,3.91811706654927,Average Credit Customers
576,30000.0,6,3,1.0,1,1,10,5.0,100.0,14.637904468412943,63.57142857142857,2.7667163768434957, Low Credit Customers
577,44000.0,5,3,0.0,4,1,10,7.0,100.0,36.132511556240374,74.28571428571429,3.3729980189302227,Average Credit Customers
578,39000.0,7,5,0.0,3,1,10,8.0,100.0,47.996918335901384,71.58730158730158,3.462194951940714,Average Credit Customers
579,65000.0,4,3,0.0,0,1,10,3.0,100.0,3.1587057010785826,87.14285714285714,3.2777933083865287,Average Credit Customers
580,52000.0,4,5,2.0,1,1,10,8.0,100.0,47.996918335901384,80.15873015873017,3.706480666226429,Average Credit Customers
581,26000.0,6,5,1.0,4,1,10,10.0,100.0,70.18489984591679,61.111111111111114,3.4742552645095017,Average Credit Customers
582,68000.0,6,5,1.0,0,1,10,6.0,100.0,24.499229583975346,89.20634920634922,3.635370166556607,Average Credit Customers
583,52000.0,6,2,0.0,0,1,10,2.0,100.0,1.0015408320493067,80.15873015873017,3.0485453811725,Average Credit Customers
584,34000.0,6,4,1.0,3,1,10,8.0,100.0,47.996918335901384,66.26984126984127,3.3106473328930957,Average Credit Customers
585,39000.0,7,4,0.0,4,1,10,8.0,100.0,47.996918335901384,71.58730158730158,3.462194951940714,Average Credit Customers
586,31000.0,7,3,0.0,2,1,10,5.0,100.0,14.637904468412943,64.44444444444444,2.791597329224448, Low Credit Customers
587,70000.0,4,3,0.0,4,1,10,7.0,100.0,36.132511556240374,91.19047619047619,3.8547837332159363,Average Credit Customers
588,55000.0,4,3,1.0,0,1,10,4.0,100.0,7.395993836671804,81.26984126984127,3.1697343899038812,Average Credit Customers
589,29000.0,4,5,0.0,2,1,10,7.0,100.0,36.132511556240374,62.698412698412696,3.0427599236921274,Average Credit Customers
590,36000.0,6,2,2.0,3,1,10,7.0,100.0,36.132511556240374,67.93650793650794,3.1920456379778415,Average Credit Customers
591,68000.0,5,2,1.0,4,1,10,7.0,100.0,36.132511556240374,89.20634920634922,3.798236114168318,Average Credit Customers
592,54000.0,5,4,2.0,1,1,10,7.0,100.0,36.132511556240374,80.87301587301587,3.5607361141683174,Average Credit Customers
593,66000.0,4,5,1.0,1,1,10,7.0,100.0,36.132511556240374,87.85714285714286,3.7597837332159374,Average Credit Customers
594,60000.0,4,2,1.0,4,1,10,7.0,100.0,36.132511556240374,84.44444444444444,3.662521828454032,Average Credit Customers
595,41000.0,7,4,2.0,2,1,10,8.0,100.0,47.996918335901384,73.09523809523809,3.5051711424169043,Average Credit Customers
596,42000.0,6,4,2.0,0,1,10,6.0,100.0,24.499229583975346,73.73015873015873,3.1942987379851786,Average Credit Customers
597,38000.0,7,5,2.0,1,1,10,8.0,100.0,47.996918335901384,70.3968253968254,3.4282663805121434,Average Credit Customers
598,64000.0,5,4,1.0,2,1,10,7.0,100.0,36.132511556240374,86.42857142857143,3.7190694475016515,Average Credit Customers
599,57000.0,6,2,2.0,0,1,10,4.0,100.0,7.395993836671804,82.6984126984127,3.210448675618167,Average Credit Customers
600,68000.0,7,5,0.0,0,1,10,5.0,100.0,14.637904468412943,89.20634920634922,3.497311614938734,Average Credit Customers
601,33000.0,5,4,0.0,2,1,10,6.0,100.0,24.499229583975346,65.47619047619048,2.959060642747083, Low Credit Customers
602,37000.0,7,4,0.0,1,1,10,5.0,100.0,14.637904468412943,69.28571428571428,2.929573519700638, Low Credit Customers
603,60000.0,6,3,2.0,3,1,10,8.0,100.0,47.996918335901384,84.44444444444444,3.828623523369286,Average Credit Customers
604,27000.0,7,3,0.0,2,1,10,5.0,100.0,14.637904468412943,61.66666666666667,2.7124306625577814, Low Credit Customers
605,36000.0,5,2,2.0,3,1,10,7.0,100.0,36.132511556240374,67.93650793650794,3.1920456379778415,Average Credit Customers
606,63000.0,5,3,1.0,3,1,10,7.0,100.0,36.132511556240374,85.95238095238096,3.705498018930223,Average Credit Customers
607,34000.0,6,3,1.0,0,1,10,4.0,100.0,7.395993836671804,66.26984126984127,2.7422343899038815, Low Credit Customers
608,47000.0,4,4,1.0,0,1,10,5.0,100.0,14.637904468412943,75.87301587301587,3.1173116149387337,Average Credit Customers
609,38000.0,4,3,2.0,0,1,10,5.0,100.0,14.637904468412943,70.3968253968254,2.9612401863673057, Low Credit Customers
610,39000.0,7,2,1.0,0,1,10,3.0,100.0,3.1587057010785826,71.58730158730158,2.834459975053195, Low Credit Customers
611,46000.0,7,4,1.0,3,1,10,8.0,100.0,47.996918335901384,75.23809523809524,3.566242570988334,Average Credit Customers
612,106000.0,9,1,8.5,1,2,10,10.5,100.0,76.11710323574731,100.0,4.665639445300463,High Credit Customers
613,94000.0,9,1,8.5,0,2,10,9.5,100.0,64.48382126348228,95.55555555555556,4.376106831022085,High Credit Customers
614,106000.0,8,1,7.0,1,2,10,9.0,100.0,59.32203389830508,100.0,4.43050847457627,High Credit Customers
615,106000.0,9,1,8.5,1,2,10,10.5,100.0,76.11710323574731,100.0,4.665639445300463,High Credit Customers
616,96000.0,10,1,8.5,2,2,10,11.5,100.0,83.20493066255779,95.87301587301587,4.647249981656762,High Credit Customers
617,106000.0,8,0,8.5,0,2,10,8.5,100.0,54.314329738058554,100.0,4.36040061633282,High Credit Customers
618,106000.0,7,0,8.5,2,2,10,10.5,100.0,76.11710323574731,100.0,4.665639445300463,High Credit Customers
619,106000.0,7,0,8.5,0,2,10,8.5,100.0,54.314329738058554,100.0,4.36040061633282,High Credit Customers
620,106000.0,10,0,8.5,1,2,10,9.5,100.0,64.48382126348228,100.0,4.502773497688752,High Credit Customers
621,106000.0,9,1,8.5,2,2,10,11.5,100.0,83.20493066255779,100.0,4.764869029275809,High Credit Customers
622,106000.0,10,1,8.5,2,2,10,11.5,100.0,83.20493066255779,100.0,4.764869029275809,High Credit Customers
623,106000.0,10,0,7.0,0,2,10,7.0,100.0,36.132511556240374,100.0,4.105855161787365,High Credit Customers
624,106000.0,7,0,8.5,0,2,10,8.5,100.0,54.314329738058554,100.0,4.36040061633282,High Credit Customers
625,91000.0,8,1,6.0,1,2,10,8.0,100.0,47.996918335901384,95.3968253968254,4.140766380512143,High Credit Customers
626,106000.0,9,1,8.5,2,2,10,11.5,100.0,83.20493066255779,100.0,4.764869029275809,High Credit Customers
627,106000.0,10,0,8.5,1,2,10,9.5,100.0,64.48382126348228,100.0,4.502773497688752,High Credit Customers
628,84000.0,9,1,8.5,0,2,10,9.5,100.0,64.48382126348228,95.15873015873015,4.364797307212561,High Credit Customers
629,106000.0,8,0,7.0,2,2,10,9.0,100.0,59.32203389830508,100.0,4.43050847457627,High Credit Customers
630,106000.0,10,0,8.5,0,2,10,8.5,100.0,54.314329738058554,100.0,4.36040061633282,High Credit Customers
631,106000.0,8,0,8.5,0,2,10,8.5,100.0,54.314329738058554,100.0,4.36040061633282,High Credit Customers
632,106000.0,7,1,7.0,0,2,10,8.0,100.0,47.996918335901384,100.0,4.2719568567026185,High Credit Customers
633,106000.0,7,1,8.5,1,2,10,10.5,100.0,76.11710323574731,100.0,4.665639445300463,High Credit Customers
634,106000.0,8,0,8.0,1,2,10,9.0,100.0,59.32203389830508,100.0,4.43050847457627,High Credit Customers
635,106000.0,10,1,7.0,2,2,10,10.0,100.0,70.18489984591679,100.0,4.582588597842835,High Credit Customers
636,106000.0,10,1,8.0,0,2,10,9.0,100.0,59.32203389830508,100.0,4.43050847457627,High Credit Customers
637,106000.0,9,1,8.5,0,2,10,9.5,100.0,64.48382126348228,100.0,4.502773497688752,High Credit Customers
638,106000.0,8,1,7.0,1,2,10,9.0,100.0,59.32203389830508,100.0,4.43050847457627,High Credit Customers
639,106000.0,7,1,8.5,2,2,10,11.5,100.0,83.20493066255779,100.0,4.764869029275809,High Credit Customers
640,106000.0,8,1,8.5,2,2,10,11.5,100.0,83.20493066255779,100.0,4.764869029275809,High Credit Customers
641,106000.0,10,0,8.5,2,2,10,10.5,100.0,76.11710323574731,100.0,4.665639445300463,High Credit Customers
642,97000.0,10,1,8.5,2,2,10,11.5,100.0,83.20493066255779,96.03174603174604,4.651773791180571,High Credit Customers
643,98000.0,9,0,8.0,2,2,10,10.0,100.0,70.18489984591679,96.19047619047619,4.474017169271407,High Credit Customers
644,106000.0,10,1,8.5,1,2,10,10.5,100.0,76.11710323574731,100.0,4.665639445300463,High Credit Customers
645,106000.0,10,0,8.5,0,2,10,8.5,100.0,54.314329738058554,100.0,4.36040061633282,High Credit Customers
646,106000.0,7,0,8.0,1,2,10,9.0,100.0,59.32203389830508,100.0,4.43050847457627,High Credit Customers
647,106000.0,9,0,8.5,2,2,10,10.5,100.0,76.11710323574731,100.0,4.665639445300463,High Credit Customers
648,106000.0,8,1,7.0,0,2,10,8.0,100.0,47.996918335901384,100.0,4.2719568567026185,High Credit Customers
649,106000.0,10,1,8.0,1,2,10,10.0,100.0,70.18489984591679,100.0,4.582588597842835,High Credit Customers
650,106000.0,10,1,8.5,2,2,10,11.5,100.0,83.20493066255779,100.0,4.764869029275809,High Credit Customers
651,106000.0,9,1,8.5,2,2,10,11.5,100.0,83.20493066255779,100.0,4.764869029275809,High Credit Customers
652,106000.0,8,1,8.0,0,2,10,9.0,100.0,59.32203389830508,100.0,4.43050847457627,High Credit Customers
653,95000.0,10,0,8.5,1,2,10,9.5,100.0,64.48382126348228,95.71428571428572,4.3806306405458955,High Credit Customers
654,106000.0,10,1,8.5,1,2,10,10.5,100.0,76.11710323574731,100.0,4.665639445300463,High Credit Customers
655,99000.0,10,1,8.5,0,2,10,9.5,100.0,64.48382126348228,96.34920634920636,4.398725878641133,High Credit Customers
656,84000.0,10,1,8.5,2,2,10,11.5,100.0,83.20493066255779,95.15873015873015,4.626892838799619,High Credit Customers
657,106000.0,8,1,8.5,1,2,10,10.5,100.0,76.11710323574731,100.0,4.665639445300463,High Credit Customers
658,106000.0,10,1,8.5,0,2,10,9.5,100.0,64.48382126348228,100.0,4.502773497688752,High Credit Customers
659,106000.0,9,0,8.5,2,2,10,10.5,100.0,76.11710323574731,100.0,4.665639445300463,High Credit Customers
